383498,Deadpool 2
402900,Ocean's Eight
466282,To All the Boys I've Loved Before
454983,The Kissing Booth
363088,Ant-Man and the Wasp
455980,Tag
293660,Deadpool
283995,Guardians of the Galaxy Vol. 2
523873,Kung Fu League
487558,BlacKkKlansman
177572,Big Hero 6
399174,Isle of Dogs
445571,Game Night
150540,Inside Out
291805,Now You See Me 2
269149,Zootopia
166426,Pirates of the Caribbean: Dead Men Tell No Tales
20352,Despicable Me
507562,Crayon Shin-chan: Burst Serving! Kung Fu Boys ~Ramen Rebellion~
462919,Sierra Burgess Is a Loser
455207,Crazy Rich Asians
353486,Jumanji: Welcome to the Jungle
194662,Birdman
257344,Pixels
455656,#RealityHigh
14160,Up
207703,Kingsman: The Secret Service
808,Shrek
82702,How to Train Your Dragon 2
181533,Night at the Museum: Secret of the Tomb
387592,Early Man
98566,Teenage Mutant Ninja Turtles
425,Ice Age
449176,Love, Simon
2062,Ratatouille
460668,I Feel Pretty
159824,Hotel Transylvania 2
420814,Christopher Robin
335797,Sing
437557,Blockers
11631,Mamma Mia!
454619,Overboard
18785,The Hangover
62177,Brave
339846,Baywatch
458423,Mamma Mia! Here We Go Again
69646,Vaseegara
118,Charlie and the Chocolate Factory
400155,Hotel Transylvania 3: Summer Vacation
454992,The Spy Who Dumped Me
214756,Ted 2
254470,Pitch Perfect 2
412547,Killing Gunther
313369,La La Land
76492,Hotel Transylvania
82690,Wreck-It Ralph
391713,Lady Bird
608,Men in Black II
390043,The Hitman's Bodyguard
270946,Penguins of Madagascar
920,Cars
72105,Ted
809,Shrek 2
37834,Knight and Day
9502,Kung Fu Panda
106646,The Wolf of Wall Street
585,Monsters, Inc.
384677,Set It Up
93456,Despicable Me 2
1593,Night at the Museum
10193,Toy Story 3
57800,Ice Age: Continental Drift
43074,Ghostbusters
400579,Tully
5175,Rush Hour 2
370567,Sherlock Gnomes
278154,Ice Age: Collision Course
399170,Logan Lucky
18360,Night at the Museum: Battle of the Smithsonian
8355,Ice Age: Dawn of the Dinosaurs
224141,Into the Woods
112160,Sexual Chronicles of a French Family
310,Bruce Almighty
218746,Young Mother
818,Austin Powers in Goldmember
414919,Hart Beat
8961,Bad Boys II
301337,Downsizing
10555,Shark Tale
2770,American Pie 2
950,Ice Age: The Meltdown
541380,Glitter's Wild Women
225886,Sex Tape
19913,(500) Days of Summer
353616,Pitch Perfect 3
260514,Cars 3
127380,Finding Dory
77338,The Intouchables
41154,Men in Black 3
82696,Hope Springs
45243,The Hangover Part II
787,Mr. & Mrs. Smith
100042,Dumb and Dumber To
337170,American Made
350,The Devil Wears Prada
49519,The Croods
325133,Neighbors 2: Sorority Rising
324852,Despicable Me 3
340022,Gringo
9880,The Princess Diaries
71552,American Reunion
10527,Madagascar: Escape 2 Africa
138832,We're the Millers
257445,Goosebumps
502682,Book Club
13053,Bolt
810,Shrek the Third
82693,Silver Linings Playbook
116149,Paddington
50544,Friends with Benefits
41630,No Strings Attached
193893,Let's Be Cops
271718,Trainwreck
120467,The Grand Budapest Hotel
364689,Ferdinand
268531,Captain Underpants: The First Epic Movie
354861,Father Figures
503619,The Package
210860,Mortdecai
434355,Taxi 5
51540,Horrible Bosses
474335,Uncle Drew
114150,Pitch Perfect
80321,Madagascar 3: Europe's Most Wanted
542419,EXT. Night
38055,Megamind
20256,The Bodyguard
11130,The Princess Diaries 2: Royal Engagement
4247,Scary Movie
418827,Sister's Younger Husband
238713,Spy
228967,The Interview
747,Shaun of the Dead
10625,Mean Girls
9522,Wedding Crashers
10192,Shrek Forever After
19908,Zombieland
203801,The Man from U.N.C.L.E.
7443,Chicken Run
399796,Life of the Party
4638,Hot Fuzz
302699,Central Intelligence
454283,Action Point
456929,Champions
400928,Gifted
140300,Kung Fu Panda 3
511785,Alex Strangelove
290762,Miss You Already
399725,Ideal Home
195589,Neighbors
11688,The Emperor's New Groove
109439,The Hangover Part III
353069,Mother's Day
50022,Super Troopers 2
9339,Click
339967,Colossal
6477,Alvin and the Chipmunks
392,Chocolat
227159,Horrible Bosses 2
318846,The Big Short
38357,Morning Glory
39514,RED
257211,The Intern
88751,Journey to the Center of the Earth
541988,Ramkahani
537734,The Weekend
346648,Paddington 2
87567,The Big Wedding
194,Amélie
122906,About Time
1597,Meet the Parents
402897,The Death of Stalin
170522,Asterix: The Mansions of the Gods
22794,Cloudy with a Chance of Meatballs
253344,Some Kind of Beautiful
533246,Photo de famille
7446,Tropic Thunder
371638,The Disaster Artist
413857,Tragedy Girls
7518,Over the Hedge
22538,Scott Pilgrim vs. the World
431530,A Bad Moms Christmas
35056,Date Night
27022,The Sorcerer's Apprentice
46195,Rio
4258,Scary Movie 5
200727,Love, Rosie
382591,Two Is a Family
196867,Annie
445583,Questione di karma
27573,The Bounty Hunter
11430,The Lion King 1½
188222,Entourage
463053,Ibiza
436931,Pokémon the Movie: I Choose You!
49524,R.I.P.D.
324849,The Lego Batman Movie
7453,The Hitchhiker's Guide to the Galaxy
22970,The Cabin in the Woods
256961,Paul Blart: Mall Cop 2
74465,We Bought a Zoo
172385,Rio 2
535640,Marcel – The Detective Brothers
543694,Summer Survivors
171274,Inherent Vice
487702,F*&% the Prom
77875,Playing for Keeps
4256,Scary Movie 3
65057,The Descendants
9291,The Longest Yard
43347,Love & Other Drugs
10054,Spy Kids
254320,The Lobster
9836,Happy Feet
223702,Sausage Party
62764,Mirror Mirror
9352,EuroTrip
10947,High School Musical
11887,High School Musical 3: Senior Year
107985,The World's End
16996,17 Again
10184,He's Just Not That Into You
49013,Cars 2
249635,Seven Street Fighters
334533,Captain Fantastic
339404,The Layover
463958,Gulebakavali
136799,Trolls
9023,Spirit: Stallion of the Cimarron
10201,Yes Man
1267,Meet the Robinsons
460793,Olaf's Frozen Adventure
37735,Easy A
109451,Cloudy with a Chance of Meatballs 2
342878,One Wild Moment
11282,Harold & Kumar Go to White Castle
1969,Bandidas
12153,White Chicks
146216,RED 2
15567,Stitch! The Movie
425980,Brad's Status
433310,When We First Met
8321,In Bruges
538604,The After Party
188161,A Million Ways to Die in the West
8363,Superbad
1584,School of Rock
137106,The Lego Movie
11774,Lemony Snicket's A Series of Unfortunate Events
50647,Wanderlust
14306,Marley & Me
11619,Flushed Away
44896,Rango
440161,The Sisters Brothers
22705,Cheeky
18240,The Proposal
9472,DodgeBall: A True Underdog Story
137116,Smurfs: The Lost Village
429733,Mayhem
437670,Suck Me Shakespeer 3
544784,Hatsukoi Sukecchi: Maitchingu Machiko Sensei
39513,Paul
507143,Candy Jar
109418,Grown Ups 2
4257,Scary Movie 4
10591,The Girl Next Door
46838,Tucker and Dale vs Evil
64688,21 Jump Street
9506,Anger Management
441583,Distances
187017,22 Jump Street
272693,The DUFF
5559,Bee Movie
308531,Teenage Mutant Ninja Turtles: Out of the Shadows
522811,The Accidental Detective 2: In Action
9928,Robots
258509,Alvin and the Chipmunks: The Road Chip
15165,Barbie as The Princess & the Pauper
308369,Me and Earl and the Dying Girl
38365,Grown Ups
6957,The 40 Year Old Virgin
397422,Rough Night
364433,They Call Me Jeeg
228161,Home
490214,Iceman 2
296099,Vacation
9919,How to Lose a Guy in 10 Days
342473,Ballerina
239563,St. Vincent
17610,Year One
